year,section,org,kind,ref,norma,title,summary
2019,Accesibilidad,,Ley,6132,Ley N? 6132,Se modifica el Código de Tránsito y Transporte,
2019,Autorización De Actividad Económica (Habilitaciones),,Ley,6146,Ley N? 6146,Se modifica la Ley N° 6063,
2019,Autorización De Actividad Económica (Habilitaciones),,Ley,6194,Ley N? 6194,Se modifican el Código de Habilitaciones y Verificaciones y el Régimen de Faltas de la Ciudad de Buenos Aires referidos a Exposición y venta de animales vivos,
2019,Autorización De Actividad Económica (Habilitaciones),,Decreto,40,Decreto N? 40,Se aprueba la reglamentación de la Ley N° 6101,
2019,Autorización De Actividad Económica (Habilitaciones),,Decreto,178,Decreto N? 178,Se aprueba la reglamentación de la Ley N° 5.847,
2019,Autorización De Actividad Económica (Habilitaciones),,Decreto,422,Decreto N? 422,Se modifica el Anexo I del Decreto N° 170/18 reglamentario de la Ley N° 5670,
2019,Bienes Del Estado,Agencia Gubernamental De Control,Ley,6247,Ley N? 6247,Régimen para la disposición de Bienes Inmuebles de la Ciudad Autónoma de Buenos Aires,
2019,Bienes Del Estado,Agencia Gubernamental De Control,Ley,6290,Ley N? 6290,"Se aprueba el Convenio suscripto entre el Ministerio de Transporte de la Nación, la Agencia de Administración de Bienes del Estado, el Gobierno de la Ciudad Autónoma de Buenos Aires y Autopistas Urbanas SA",
2019,Código De Edificación,Agencia Gubernamental De Control,Decreto,58,Decreto N? 58,"Se designa como Autoridad de Aplicación del Código de Edificación al Subsecretaría de Registros, Interpretación y Catastro (sic)",
2019,Código Fiscal,Dirección General De Fiscalización Y Control De Obras,Ley,6279,Ley N? 6279,Se modifica el Código Fiscal vigente según Decreto N° 104/19,
2019,Código Urbanístico,Dirección General De Fiscalización Y Control De Obras,Ley,6152,Ley N? 6152,Se aprueban el Convenio Específico de Cooperación suscripto con el Ministerio de Transporte de la Nación y las normas urbanísticas especiales de detalle para el Distrito EE-49 Estación Terminal de Ómnibus de Larga Distancia – Retiro,
2019,Código Urbanístico,Dirección General De Fiscalización Y Control De Obras,Ley,6154,Ley N? 6154,"Se aprueba el Convenio suscripto con los titulares de dominio de las Parcelas 1a, 6a, 9a, 11a, Manzana 13E, Sección 61, Circunscripción 15",
2019,Código Urbanístico,Dirección General De Fiscalización Y Control De Obras,Ley,6168,Ley N? 6168,Se incorpora inciso al Código Urbanístico,
2019,Código Urbanístico,Dirección General De Fiscalización Y Control De Obras,Ley,6245,Ley N? 6245,"Desarrollo e integración urbana de polígono y su entorno, mediante la urbanización del predio y la creación dentro del espacio público de un Parque Temático",
2019,Código Urbanístico,Dirección General De Fiscalización Y Control De Obras,Decreto,86,Decreto N? 86,Se aprueba la reglamentación de la Ley N° 2216,
2019,Código Urbanístico,Dirección General De Fiscalización Y Control De Obras,Decreto,87,Decreto N? 87,Se aprueban los cuadros de asimilación de Rubros conforme los Rubros y Descripciones del Código Urbanístico,
2019,Código Urbanístico,Dirección General De Fiscalización Y Control De Obras,Decreto,99,Decreto N? 99,Se aprueba la reglamentación de la Ley N° 6.099 - Código Urbanístico,
2019,Energías Renovables,Dirección General De Fiscalización Y Control De Obras,Ley,6165,Ley N? 6165,Se adhiere a la Ley Nacional N° 27424 que establece el Régimen de Fomento a la Generación Distribuida de Energía Renovable integrada a la Red Eléctrica,
2019,Espacio Público,Dirección General De Fiscalización Y Control De Obras,Ley,6107,Ley N? 6107,Se dispone la creación de baños de uso público en parques emplazados en la Ciudad Autónoma de Buenos Aires,
2019,Espacios Culturales Independientes,Dirección General De Fiscalización Y Control De Obras,Ley,6146,Ley N? 6146,Se modifica la Ley N° 6063,
2019,Hoteles,Agencia De Protección Ambiental,Ley,6186,Ley N? 6186,Se modifica la Ley N° 6038,
2019,Hoteles,Agencia De Protección Ambiental,Decreto,74,Decreto N? 74,Se aprueba la reglamentación de la Ley N° 6038,
2019,Impacto Ambiental,Agencia De Protección Ambiental,Decreto,85,Decreto N? 85,Se aprueba la reglamentación de la Ley N° 123 modificada por Ley N° 6014,
2019,Impacto Ambiental,Agencia De Protección Ambiental,Decreto,86,Decreto N? 86,Se aprueba la reglamentación de la Ley N° 2216,
2019,Impacto Ambiental,Agencia De Protección Ambiental,Decreto,229,Decreto N? 229,Se modifica el Anexo I del Decreto N° 85/19,
2019,Infraestructura,Agencia De Protección Ambiental,Ley,6112,Ley N? 6112,Se crea el Sistema de Información de la Traza de Redes de Infraestructura e Instalaciones,
2019,Instalaciones,Agencia De Protección Ambiental,Ley,6110,Ley N? 6110,Se establece que las empresas prestatarias de suministro de gas no podrán exigir adecuaciones a nuevas regulaciones que impliquen modificaciones edilicias a cada unidad habitacional para interrumpir el suministro de gas,
2019,Instalaciones,Agencia De Protección Ambiental,Ley,6116,Ley N? 6116,Se modifican las Leyes N° 257 y N° 451 y la Ordenanza N° 40473,
2019,Instalaciones,Agencia De Protección Ambiental,Decreto,151,Decreto N? 151,Se establece como Autoridad de Aplicación de la Ley N° 257 (texto consolidado por Ley Nº 6017) y su modificatoria N° 6116 a la Agencia Gubernamental de Control,
2019,Ley 257 – Control De Fachadas,Agencia Gubernamental De Control,Ley,6116,Ley N? 6116,Se modifican las Leyes N° 257 y N° 451 y la Ordenanza N° 40473,
2019,Ley 257 – Control De Fachadas,Agencia Gubernamental De Control,Decreto,151,Decreto N? 151,Se establece como Autoridad de Aplicación de la Ley N° 257 (texto consolidado por Ley Nº 6017) y su modificatoria N° 6116 a la Agencia Gubernamental de Control,
2019,Ley Tarifaria,Agencia Gubernamental De Control,Ley,6148,Ley N? 6148,Se incorporan artículos a la Ley 6067,
2019,Ley Tarifaria,Agencia Gubernamental De Control,Ley,6280,Ley N? 6280,Ley Tarifaria año 2020,
2019,Medio Ambiente,Agencia Gubernamental De Control,Ley,6117,Ley N? 6117,Regulación de gestión ambiental de sitios contaminados,
2019,Medio Ambiente,Agencia Gubernamental De Control,Ley,6190,Ley N? 6190,"Se prorroga la Ley N° 3947 que declara la Emergencia Social, Urbanística, Ambiental y Sanitaria de la Cuenca Matanza-Riachuelo en la Ciudad Autónoma de Buenos Aires",
2019,Ministerios,Agencia De Protección Ambiental,Ley,6292,Ley N? 6292,Ley de Ministerios,
2019,Ministerios,Agencia De Protección Ambiental,Decreto,458,Decreto N? 458,Se designa a los miembros del Gabinete de la Ciudad Autónoma de Buenos Aires,
2019,Ministerios,Agencia De Protección Ambiental,Decreto,462,Decreto N? 462,Se designa como Director Ejecutivo de la Agencia Gubernamental de Control a Matías Lanusse,
2019,Ministerios,Agencia De Protección Ambiental,Decreto,463,Decreto N? 463,Se aprueban la estructura orgánico funcional dependiente del Poder Ejecutivo del Gobierno de la Ciudad Autónoma de Buenos Aires y las responsabilidades primarias y objetivos de las Unidades de Organización,
2019,Ministerios,Agencia De Protección Ambiental,Decreto,469,Decreto N? 469,"Se designan, a partir del 10 de diciembre de 2019, a las personas que se detallan en el Anexo",
2019,Ministerios,Agencia De Protección Ambiental,Decreto,498,Decreto N? 498,Se aceptan renuncias y se designan funcionarios,
2019,Obra Pública,Agencia De Protección Ambiental,Ley,6246,Ley N? 6246,Se establece el Régimen de Contrataciones de Obra Pública que debe observar el Sector,
2019,Plusvalía Urbana,Ente De Mantenimiento Urbano Integral,Ley,6148,Ley N? 6148,Se incorporan artículos a la Ley 6067,
2019,Plusvalía Urbana,Ente De Mantenimiento Urbano Integral,Decreto,105,Decreto N? 105,Se establece método y precedimiento a seguir a efectos de determinar el valor de incidencia del suelo en cada manzana a los fines del artículo 337 del Código Fiscal (TO Decreto N° 104/19) (sic),
2019,Régimen De Mecenazgo,Unidad Ejecutora Del Régimen De Escuelas Seguras De Gestión Privada,Decreto,155,Decreto N? 155,Se aprueba la reglamentación de la Ley N° 6026,
2019,Urbanismo,Unidad Ejecutora Del Régimen De Escuelas Seguras De Gestión Privada,Ley,6129,Ley N? 6129,"Re-urbanización, integración y radicación definitiva de sus habitantes del Barrio Padre Carlos Mugica",
2019,Urbanismo,Unidad Ejecutora Del Régimen De Escuelas Seguras De Gestión Privada,Ley,6130,Ley N? 6130,Se aprueba el Convenio suscripto con la Agencia de Administración de Bienes del Estado – AABE,
2019,Urbanismo,Unidad Ejecutora Del Régimen De Escuelas Seguras De Gestión Privada,Ley,6138,Ley N? 6138,"Se impulsa la integración urbana, el desarrollo social, económico y comercial en el sur de la Ciudad y se modifica la Ley N° 4264",
2019,Urbanismo,Unidad Ejecutora Del Régimen De Escuelas Seguras De Gestión Privada,Ley,6245,Ley N? 6245,"Desarrollo e integración urbana de polígono y su entorno, mediante la urbanización del predio y la creación dentro del espacio público de un Parque Temático",
2019,Vía Pública,Unidad Ejecutora Del Régimen De Escuelas Seguras De Gestión Privada,Ley,6215,Ley N? 6215,Se aprueba el Manual de Señalización Vial Transitoria de la Ciudad Autónoma de Buenos Aires,
2020,Arbolado Público,,Ley,6359,Ley N? 6359,Se implementa un programa especial de reforestación en el marco del Plan Maestro de Arbolado Urbano de la Ciudad Autónoma de Buenos Aires,
2020,Audiencias Públicas,,Ley,6306,Ley N? 6306,"Se modifica la Ley N° 6 que regirá hasta tanto se mantenga en la Ciudad Autónoma de Buenos Aires el estado de aislamiento social, preventivo y obligatorio establecido por el Decreto de Necesidad y Urgencia N° 1/20 y sus prórrogas",
2020,Autorización De Actividad Económica (Habilitaciones),Subsecretaria De Gestión Comunal,Ley,6269,Ley N? 6269,"Se fijan normas y condiciones para la ocupación de la vía pública con puestos o escaparates fijos, cuyo fin sea la exhibición y venta de flores y plantas naturales",
2020,Autorización De Actividad Económica (Habilitaciones),Subsecretaria De Gestión Comunal,Ley,6277,Ley N? 6277,Se define y establecen condiciones de Taller Industrial Residencial,
2020,Autorización De Actividad Económica (Habilitaciones),Subsecretaria De Gestión Comunal,Ley,6316,Ley N? 6316,Se modifica el Anexo B del Código de Habilitaciones y Verificaciones aprobado por la Ordenanza N° 34421,
2020,Autorización De Actividad Económica (Habilitaciones),Subsecretaria De Gestión Comunal,Decreto de Necesidad y Urgencia,13/AJG/20,Decreto de Necesidad y Urgencia N? 13/AJG/20,"Se prorrogan la vigencia de las inscripciones a Registros y credenciales, de autorizaciones para instalaciones publicitarias regidas por la Ley N° 2936 y de permisos de uso del espacio público regulados por el Código de Habilitaciones",
2020,Código Urbanístico,"Subsecretaría De Registros, Interpretación Y Catastro",Ley,6361,Ley N? 6361,Se modifica el Código Urbanístico,
2020,Código Urbanístico,"Subsecretaría De Registros, Interpretación Y Catastro",Ley,6388,Ley N? 6388,Se aprueba el Convenio suscripto con Kilometros SA y Arkinver SA,
2020,Código Urbanístico,"Subsecretaría De Registros, Interpretación Y Catastro",Ley,6389,Ley N? 6389,Se aprueba el Convenio celebrado con Koolhaas SA,
2020,Leyes De Aprobación Inicial,"Subsecretaría De Registros, Interpretación Y Catastro",Decreto,457,Decreto N? 457,"Se modifica el Decreto N° 444/20 y se sustituye el texto de la Ley N° 6361, quedando promulgada",
2020,Leyes De Aprobación Inicial,"Subsecretaría De Registros, Interpretación Y Catastro",Decreto,475,Decreto N? 475,Se aprueba la reglamentación del artículo 10.9. Convenios Urbanísticos de la Ley N° 6099,
2020,Código Fiscal,"Subsecretaría De Registros, Interpretación Y Catastro",Decreto,207,Decreto N? 207,"Se aprueban el texto ordenado del Código Fiscal, su índice y su cuadro de correlación de artículos",
2020,Código Fiscal,"Subsecretaría De Registros, Interpretación Y Catastro",Ley,6323,Ley N? 6323,Se modifica el Código Fiscal - TO 2020,
2020,Código Fiscal,"Subsecretaría De Registros, Interpretación Y Catastro",Ley,6382,Ley N? 6382,Se introducen modificaciones al Código Fiscal vigente (texto ordenado 2020 según Decreto N° 207/20 - BOCBA N° 5868),
2020,Compendios Y Digestos Normativos,"Subsecretaría De Registros, Interpretación Y Catastro",Ley,6347,Ley N? 6347,Se aprueba la Tercera Actualización del Digesto Jurídico de la Ciudad Autónoma de Buenos Aires,
2020,Impacto Ambiental,Agencia Gubernamental Del Control,Decreto,310,Decreto N? 310,"Se prorroga de manera excepcional la vigencia de la inscripción a Registros, Certificados, Constancias y Permisos enumerados en el Anexo I",
2020,Ley Tarifaria,Agencia De Protección Ambiental,Ley,6383,Ley N? 6383,"Se establecen impuestos, tasas y demás contribuciones de la Ciudad Autónoma de Buenos Aires a partir del año 2021 de acuerdo con el Código Fiscal y se denuncia el Consenso Fiscal suscripto con el Estado Nacional",
2020,Ministerios,Agencia De Protección Ambiental,Decreto,130,Decreto N? 130,Se modifica la estructura organizativa de la Jefatura de Gabinete de Ministros del Gobierno de la Ciudad Autónoma de Buenos Aires,
2020,Ministerios,Agencia De Protección Ambiental,Decreto,318,Decreto N? 318,Se deroga el Decreto N° 1363/02,
2020,Protocolos Covid-19,Agencia De Protección Ambiental,Decreto,297,Decreto N? 297,Se autorizan actividades en el ámbito de la Ciudad Autónoma de Buenos Aires,
2020,Protocolos Covid-19,Agencia De Protección Ambiental,Decreto,332,Decreto N? 332,"Se establece la excepción de la prohibición de circular dispuesta por el Decreto de Necesidad y Urgencia del Poder Ejecutivo Nacional N° 297-PEN/20 y sus prórrogas, a las personas afectadas a la actividad de construcción de obras de más de cinco mil metros cuadrados y de aquellas obras que se encuentren a noventa días de su finalización",
2020,Protocolos Covid-19,Agencia De Protección Ambiental,Decreto,363,Decreto N? 363,"Se establece que se exceptúan del cumplimiento del aislamiento social, preventivo y obligatorio y de la prohibición de circular dispuestos por Decreto Nº 297-PEN/20 a la construcción privada y a las personas afectadas a dicha actividad y al personal de casas particulares que tengan un único empleador y que la actividad gastronómica al aire libre podrá efectuarse en la franja horaria 07.00 hs. a 01.00 hs.",
2020,Protocolos Covid-19,Agencia De Protección Ambiental,Decreto,378,Decreto N? 378,"Se establece que se exceptúan del cumplimiento del aislamiento social, preventivo y obligatorio y de la prohibición de circular a las personas afectadas a diversas actividades",
2020,Protocolos Covid-19,Agencia De Protección Ambiental,Decreto,384,Decreto N? 384,"Se establece la excepción del cumplimiento del aislamiento social, preventivo y obligatorio y de la prohibición de circular a las personas afectadas a las actividades relacionadas con eventos culturales al aire libre, funcionamiento de espacios culturales al aire libre y vinculaciones presenciales de niñas, niños y adolescentes alojados en hogares convivenciales",
2020,Residencias Estudiantiles,Agencia Gubernamental De Control,Ley,6340,Ley N? 6340,Régimen de Promoción para Residencias de Estudiantes,
2020,Trámites De Obra,Dirección General De Defensa Civil,Ley,6342,Ley N? 6342,"Se exime del pago de los Derechos de Delineación y Construcción, Tasa por Servicio de Verificación de Obra y el Derecho para el Desarrollo Urbano y el Hábitat Sustentable a entidades deportivas sin fines de lucro inscriptas en el Registro Único de Instituciones Deportivas (RUID)",
2020,Trámites De Obra,Dirección General De Defensa Civil,Decreto de Necesidad y Urgencia,14/AJG/20,Decreto de Necesidad y Urgencia N? 14/AJG/20,Se prorrogan la vigencia de los Certificados Urbanísticos regidos por el Código Urbanístico -Ley N° 6099 y modificatorias- y de los Permisos de Obra en Etapa Proyecto regidos por el Código de Edificación -Ley N° 6100-.,
2020,Urbanismo,Dirección General De Fiscalización Y Control De Obras,Ley,6387,Ley N? 6387,"Promoción, planificación y desarrollo de células urbanas denominadas Supermanzanas",
2020,Urbanismo,Dirección General De Fiscalización Y Control De Obras,Decreto,194,Decreto N? 194,Se aprueba la reglamentación de la Ley N° 6129 de reurbanización del Barrio Padre Carlos Mugica,
2021,Catastro,Secretaria De Atención Ciudadana Y Gestión Comunal,Ley,6437,Ley N? 6437,Catastro de la Ciudad Autónoma de Buenos (sic),
2021,Catastro,Secretaria De Atención Ciudadana Y Gestión Comunal,Decreto,413,Decreto N? 413,Se designa como Autoridad de Aplicación de la Ley N° 6437 a la Dirección General de Registro de Obras y Catastro,
2021,Código De Edificación,Secretaria De Atención Ciudadana Y Gestión Comunal,Ley,6438,Ley N? 6438,Se modifica el Anexo A del Código de Edificación de la Ordenanza N° 34421 – Texto Consolidado por Ley N° 6347,
2021,Código De Edificación,Secretaria De Atención Ciudadana Y Gestión Comunal,Ley,6478,Ley N? 6478,Se crea el Régimen Especial de Regularización de Construcciones y Obras,
2021,Código Fiscal,Subsecretaría De Gestión Urbana,Decreto,69,Decreto N? 69,Se aprueba el texto ordenado del Código Fiscal,
2021,Código Fiscal,Subsecretaría De Gestión Urbana,Ley,6450,Ley N? 6450,Se modifica el el Anexo I del Código Fiscal (t.o. según Decreto N° 69/21),
2021,Código Fiscal,Subsecretaría De Gestión Urbana,Ley,6505,Ley N? 6505,Se aprueba el Código Fiscal,
2021,Código Urbanístico,Subsecretaría De Gestión Urbana,Ley,6411,Ley N? 6411,"Se aprueba el Convenio Urbanístico celebrado entre el Gobierno de la Ciudad Autónoma de Buenos Aires, Profidu S.A., Mitre Construcciones S.A. y Pedro Lionel Marsiglia",
2021,Código Urbanístico,Subsecretaría De Gestión Urbana,Ley,6417,Ley N? 6417,"Se afecta el polígono delimitado por las calles José Martí, Echeandia, y Portela al Área Urbanización Parque (UP) y se denomina Plazoleta Antonio Maceo al nuevo espacio verde",
2021,Código Urbanístico,Subsecretaría De Gestión Urbana,Ley,6441,Ley N? 6441,"Se desafectan y reafectan las parcelas 12, 13, 14, 15, 16, 17, 34, 56 de la Manzana 137A, Sección 38 de la Circunscripción 1 al EE - 91 Estadio del Club Atlético San Lorenzo de Almagro y se aprueba el Convenio celebrado con el Club Atlético San Lorenzo de Almagro",
2021,Código Urbanístico,Subsecretaría De Gestión Urbana,Ley,6475,Ley N? 6475,Se sustituyen del Anexo II Áreas especiales individualizadas del Código Urbanístico el artículo 5.7.14. U14 Distrito Joven- Costanera Norte y el Plano N° 5.7.14. U14 Distrito Joven- Costanera Norte del Anexo III Atlas del Código Urbanístico,
2021,Código Urbanístico,Subsecretaría De Gestión Urbana,Ley,6476,Ley N? 6476,Se aprueba el convenio urbanístico y sus adendas suscriptos con la firma IRSA Inversiones y Representaciones SA,
2021,Código Urbanístico,Subsecretaría De Gestión Urbana,Ley,6477,Ley N? 6477,Se aprueban Convenios Urbanísticos,
2021,Distrito Económicos,Dirección General De Fiscalización Y Control De Obras,Ley,6390,Ley N? 6390,Promoción del desarrollo económico de la actividad audiovisual y artística y se crea el Distrito Audiovisual y de las Artes de la Ciudad Autónoma de Buenos Aires,
2021,Distrito Económicos,Dirección General De Fiscalización Y Control De Obras,Ley,6391,Ley N? 6391,Promoción del desarrollo económico de la actividad de diseño en la Ciudad de Buenos Aires,
2021,Distrito Económicos,Dirección General De Fiscalización Y Control De Obras,Ley,6412,Ley N? 6412,Se corrigen erratas en la Ley N° 6390,
2021,Distrito Económicos,Dirección General De Fiscalización Y Control De Obras,Ley,6447,Ley N? 6447,Se crea el Distrito del Vino de la Ciudad Autónoma de Buenos Aires,
2021,Distrito Económicos,Dirección General De Fiscalización Y Control De Obras,Decreto,105,Decreto N? 105,Se aprueba la reglamentación de la Ley N° 6390 y se designa como Autoridad de Aplicación al Ministerio de Desarrollo Económico y Producción,
2021,Distrito Económicos,Dirección General De Fiscalización Y Control De Obras,Decreto,106,Decreto N? 106,Se aprueba la reglamentación de la Ley N° 6391 y se designa como Autoridad de Aplicación al Ministerio de Desarrollo Económico y Producción,
2021,Espacio Público,Dirección General De Fiscalización Y Control De Obras,Ley,6467,Ley N? 6467,"Se dispone la refuncionalización temporal y voluntaria de terrenos baldíos de propiedad privada en espacios recreativos, de libre acceso y uso público para el disfrute general de toda la ciudadanía",
2021,Hoteles Y Residencias,Secretaría De Transporte Y Obras Públicas,Decreto,145,Decreto N? 145,Se aprueba la reglamentación de la Ley N° 6340,
2021,Ley Tarifaria,Dirección General De Evaluación Ambiental,Ley,6506,Ley N? 6506,"Se determina forma de abonar alícuotas y aforos de impuestos, tasas y demás contribuciones de acuerdo con lo establecido en el Código Fiscal",
2021,Patrimonio,Dirección General De Evaluación Ambiental,Ley,6440,Ley N? 6440,Se promueve la creación de Cuadras Notables,
2021,Protocolos Covid-19,Dirección General De Evaluación Ambiental,Decreto,154,Decreto N? 154,Se establecen medidas en el ámbito de la Ciudad Autónoma de Buenos Aires hasta el día 21 de mayo de 2021 inclusive,
2021,Protocolos Covid-19,Dirección General De Evaluación Ambiental,Decreto,186,Decreto N? 186,"Se establece que las actividades del sector de la construcción de obras privadas estarán autorizadas a partir del 31 de mayo de 2021, y que el ejercicio de las actividades profesionales únicamente podrá desempeñarse de manera remota",
2021,Protocolos Covid-19,Dirección General De Evaluación Ambiental,Decreto,244,Decreto N? 244,Se autorizan actividades en el ámbito de la Ciudad Autónoma de Buenos Aires,
2021,Urbanismo,Subsecretaría De Gestión Urbana,Ley,6466,Ley N? 6466,"Se promueve el desarrollo urbano equitativo y sustentable de la Ciudad Autónoma de Buenos Aires, para facilitar el acceso a la vivienda, la diversificación funcional y la regeneración y renovación de áreas urbanas, a partir del financiamiento de proyectos públicos, privados y públicos privados de construcción, adecuación o puesta en valor de equipamientos urbanos y espacios públicos",
2022,Autorización De Actividad Económica (Habilitaciones),,Ley,6513,Ley N? 6513,"Se modifican la Ordenanza N° 13126, el Código de Habilitaciones y Verificaciones y su Anexo B y las Leyes N° 66, N° 154, N° 451, N° 1799, N° 2247, N° 2696, N° 2939, N° 3281, N° 4287, N° 5008, N° 6101 y se abrogan Ordenanzas",
2022,Autorización De Actividad Económica (Habilitaciones),,Ley,6616,Ley N? 6616,"Se modifican el Anexo B de la Ordenanza N° 34421, los Anexos A de la Leyes N° 451 y N° 2148 y las Leyes N° 139, N° 154, N° 2214, N° 2936, N° 3166, N° 5920 y N° 6101",
2022,Autorización De Actividad Económica (Habilitaciones),,Decreto,11,Decreto N? 11,"Se derogan los Decretos emitidos en fecha 29 de septiembre de 1936 y 23 de septiembre de 1943 y los Decretos 6123/54, N° 4976/57, N° 2271/61, N° 2366/94, N° 1795/00, N° 578/01, N° 718/01, N° 1181/07, N° 271/14 y N°420/17, se modifica el Anexo I del Decreto N° 1706/01 y se sustituye el Anexo I y se suprime Anexo II del Decreto N° 1821/04",
2022,Código De Edificación,,Decreto,403,Decreto N? 403,Se prorroga Régimen Especial de Regularización de Construcciones y Obras,
2022,Código Fiscal,Subsecretaría De Gestión Urbana,Ley,6592,Ley N? 6592,"Se introducen modificaciones al Código Fiscal aprobado por Ley N° 6505, modificado por las Leyes N° 6556 y N° 6561",
2022,Código Urbanístico,Subsecretaría De Gestión Urbana,Ley,6564,Ley N? 6564,"Se aprueban las normas urbanísticas del Área de Arquitectura Especial AE-31- Lomas de Núñez del Código Urbanístico para el polígono delimitado por el eje de la calle Vedia, vías del FFCC Mitre, eje de la calle Vilela y eje de la calle Cuba hasta su intersección con el eje de la calle Vedia",
2022,Código Urbanístico,Subsecretaría De Gestión Urbana,Ley,6579,Ley N? 6579,"Se sustituye el Artículo 1.6.89 EE-95 Estadio Diego Armando Maradona de la Asociación Atlética Argentinos Juniors del Anexo II Áreas Especiales Individualizadas, del Código Urbanístico",
2022,Digestos Normativos,Dirección General De Interpretación Urbanística,Ley,6588,Ley N? 6588,"Se aprueba la Cuarta Actualización del Digesto Jurídico de la Ciudad Autónoma de Buenos Aires de normas de alcance general y carácter permanente, consolidadas al 28 de febrero de 2022",
2022,Distritos Económicos,Dirección General Legal Y Técnica,Ley,6545,Ley N? 6545,Se crea el Distrito de Integración Productiva e Impulso al Trabajo en Barrios Populares de la Ciudad Autónoma de Buenos Aires con el objeto de promover el desarrollo económico de los barrios populares de la Ciudad Autónoma de Buenos Aires,
2022,Distritos Económicos,Dirección General Legal Y Técnica,Decreto,302,Decreto N? 302,Se aprueba la reglamentación de la Ley N° 6545,
2022,Ley De Publicidad Exterior,Dirección General De Evaluación Ambiental,Ley,6616,Ley N? 6616,"Se modifican el Anexo B de la Ordenanza N° 34421, los Anexos A de la Leyes N° 451 y N° 2148 y las Leyes N° 139, N° 154, N° 2214, N° 2936, N° 3166, N° 5920 y N° 6101",
2022,Ley Tarifaria,Dirección General De Evaluación Ambiental,Ley,6593,Ley N? 6593,"Se determina, de acuerdo a lo establecido en el Código Fiscal, los impuestos, tasas y demás contribuciones que se abonaran a partir del año 2023",
2022,Reconversión Del Área Céntrica,Ministerio De Desarrollo Económico Y Producción,Ley,6508,Ley N? 6508,Transformación del Área Céntrica de la Ciudad de Buenos Aires,
2022,Reconversión Del Área Céntrica,Ministerio De Desarrollo Económico Y Producción,Ley,6509,Ley N? 6509,Incentivos a la Vivienda en el Área Céntrica de la Ciudad de Buenos Aires,
2022,Reconversión Del Área Céntrica,Ministerio De Desarrollo Económico Y Producción,Decreto,138,Decreto N? 138,Se aprueba la reglamentación de la Ley N° 6508,
2022,Reconversión Del Área Céntrica,Ministerio De Desarrollo Económico Y Producción,Decreto,190,Decreto N? 190,Se aprueba la reglamentación de la Ley N° 6509,
2022,Reconversión Del Área Céntrica,Ministerio De Desarrollo Económico Y Producción,Decreto,240,Decreto N? 240,Se aprueba la reglamentación de la Ley N° 6466,
2022,Sistema De Autoprotección,Unidad De Coordinación Gestión De Políticas Productivas,Ley,6616,Ley N? 6616,"Se modifican el Anexo B de la Ordenanza N° 34421, los Anexos A de la Leyes N° 451 y N° 2148 y las Leyes N° 139, N° 154, N° 2214, N° 2936, N° 3166, N° 5920 y N° 6101",
2022,Unidad Fija,Unidad De Coordinación Gestión De Políticas Productivas,Decreto,64,Decreto N? 64,"Se deroga el Decreto N° 70/14, se prorroga la Resolución N° 98-SSJUS/21 y se determina como se establece el valor de la Unidad Fija para las multas del Régimen de Faltas",
2023,Código Fiscal,Dirección General De Fiscalización Y Control De Obras,Decreto,70,Decreto N? 70,"Se aprueba el texto ordenado del Código Fiscal, su índice y su cuadro de correlación de artículos",
2023,Código Fiscal,Dirección General De Fiscalización Y Control De Obras,Ley,6710,Ley N? 6710,Modifica el Código Fiscal (t.o. 2023),
2023,Código Urbanístico,Subsecretaría De Gestión Urbana,Ley,6628,Ley N? 6628,Se elimina al tramo de Miranda entre Av. Juan B. Justo y Concordia del Cuadro 5.4 del Código Urbanístico,
2023,Derecho Para El Desarrollo Urbano Y El Hábitat Sustentable,Subsecretaría De Gestión Urbana,Ley,6641,Ley N? 6641,Se exime del pago del ochenta por ciento del Derecho para el Desarrollo Urbano y el Hábitat Sustentable a desarrollos inmobiliarios destinados a vivienda individual y/o colectiva localizados (sic),
2023,Impacto Ambiental,Secretaría De Transporte Y Obras Públicas,Decreto,466,Decreto N? 466,Se modifica el Decreto N° 740/07,
2023,Ley Tarifaria,Agencia De Protección Ambiental,Ley,6643,Ley N? 6643,Se sustituye texto del Anexo I de la Ley N° 6593,
2023,Ley Tarifaria,Agencia De Protección Ambiental,Ley,6655,Ley N? 6655,Se sustituyen artículos del Anexo I de la Ley N° 6593 - Ley Tarifaría 2023,
2023,Ley Tarifaria,Agencia De Protección Ambiental,Ley,6711,Ley N? 6711,Ley Tarifaria año 2024,
2024,Código Fiscal,Dirección General De Fiscalización Y Control De Obras,Ley,6700,Ley N? 6700,"Se exime del pago de los Derechos de Delineación y Construcción, Tasa por Servicio de Verificación de Obra y el Derecho para el Desarrollo Urbano y el Hábitat Sustentable a entidades deportivas sin fines de lucro inscriptas en el Registro Único de Instituciones Deportivas (RUID)",
2024,Código Fiscal,Dirección General De Fiscalización Y Control De Obras,Ley,6805,Ley N? 6805,Promulgación Código Fiscal 2025,
2024,Código Fiscal,Dirección General De Fiscalización Y Control De Obras,Decreto,174,Decreto N? 174,"Aprueba el texto ordenado del Código Fiscal, su índice y su cuadro de correlación de artículos",
2024,Código Urbanístico,Subsecretaría De Hacienda,Ley,6776,Ley N? 6776,Modifica el Código Urbanístico – CUR,
2024,Digestos Normativos,Subsecretaría De Hacienda,Ley,6764,Ley N? 6764,Aprueba la quinta actualización del Digesto Jurídico de la Ciudad Autónoma de Buenos Aires,
2024,Distritos Económicos,Agencia Gubernamental De Control,Ley,6692,Ley N? 6692,Modifica la Ley N° 6447,
2024,Ley Tarifaria,Dirección General De Evaluación Ambiental,Ley,6806,Ley N? 6806,Promulgación Ley Tarifaria 2025,
2024,Trámites De Obra,Subsecretaría De Hacienda - Subsecretaría De Gestión Operativa,Decreto de Necesidad y Urgencia,2/AJG/24,Decreto de Necesidad y Urgencia N? 2/AJG/24,Suspensión de trámites del Código Urbanístico – CUR,
2025,Autorización De Actividades Económicas,Comisión Para La Plena Participación E Inclusión De Las Personas Con Discapacidad,Ley,6779,Ley N? 6779,"Modifica las Ordenanzas N° 25060, N° 34421 y N° 48455, los Decretos Ordenanza N° 19184/62 y N° 13.455/62, las Leyes N° 52, N° 139, N° 1264, N° 1897, N° 600, N° 757, N° 1264, N° 1867, N° 2059, N° 2198, N° 2247, N° 3320, N° 4361, N° 4827, N° 5641, N° 5671, N° 5707, N° 5920 N° 6101, deroga las Ordenanzas sin número sancionadas el 21/5/1907, el 28/4/1908, el 16/6/1914, el 30/12/1920, el 27/4/1923, el 27/4/1923, las Ordenanzas N° 4372, N° 12437, N° 27916, N° 31700, N° 32959, N° 33082, N° 33373, N° 39206, N° 43677, N° 43772, N° 44103, N° 46625, N° 48891, N° 49816, N° 51277 y las Leyes N° 246 y N° 1493",
2025,Autorización De Actividades Económicas,Comisión Para La Plena Participación E Inclusión De Las Personas Con Discapacidad,Decreto,152,Decreto N? 152,"Modifica Decretos 1158/02, 1741/07 y 150/15. Deroga artículos del Decreto 1158/02. Deroga Decreto sin número dictado el 22/11/1923, que reglamenta la Ordenanza sin número sancionada el 27/04/1923, y los Decretos 6/05 y 1634/05.",
2025,Código Ambiental,Dirección General De Habilitaciones Y Permisos,Ley,6840,Ley N? 6840,Crea la Mesa de Trabajo para el desarrollo del Código Ambiental de la Ciudad Autónoma de Buenos Aires,
2025,Código Urbanístico,Dirección General De Interpretación Urbanística,Fe de erratas,6776/LCBA/24,Fe de erratas N? 6776/LCBA/24,Modifica el Código Urbanístico – CUR,
2025,Código Urbanístico,Dirección General De Interpretación Urbanística,Decreto,129,Decreto N? 129,Aprueba la reglamentación de la Capacidad Constructiva Adicional y las Áreas de Promoción de Espacios Verdes del Código Urbanístico,
2025,Código Urbanístico,Dirección General De Interpretación Urbanística,Decreto,393,Decreto N? 393,Deroga el artículo 2° del Decreto N° 475/20 e incorpora el artículo 2° al Decreto N° 99/19,
2025,Fiscal E Impositiva,Subsecretaría De Inversiones,Ley,6812,Ley N? 6812,Modifica la Ley 6806 - Ley Tarifaria 2025,
2025,Fiscal E Impositiva,Subsecretaría De Inversiones,Ley,6815,Ley N? 6815,Prorroga por el término de dos años y modifica la Ley N° 6700 y sus modificatorias,
2025,Fiscal E Impositiva,Subsecretaría De Inversiones,Ley,6926,Ley N? 6926,Modifica el Código Fiscal de la Ciudad Autónoma de Buenos Aires,
2025,Fiscal E Impositiva,Subsecretaría De Inversiones,Ley,6927,Ley N? 6927,Ley Impositiva año 2026,
2025,Fiscal E Impositiva,Subsecretaría De Inversiones,Ley,6928,Ley N? 6928,Ley Arancelaria Ejercicio 2026,
2025,Fiscal E Impositiva,Subsecretaría De Inversiones,Decreto,116,Decreto N? 116,"Aprueba el texto ordenado del Código Fiscal, su índice y su cuadro de correlación de artículos",
2025,Impacto Ambiental,Subsecretaría De Inversiones,Decreto,164,Decreto N? 164,Sustituye el Anexo I del Decreto 85/19,
2025,Impacto Ambiental,Subsecretaría De Inversiones,Decreto,414,Decreto N? 414,Modifica el Anexo I del Decreto N° 85/19,
2025,Ministerios,Dirección General De Evaluación Ambiental,Decreto,265,Decreto N? 265,Modifica la estructura organizativa de la Jefatura de Gabinete y del Ministerio de Infraestructura,
2025,Sistema De Autoprotección,Administración Gubernamental De Ingresos Públicos,Ley,6779,Ley N? 6779,"Modifica las Ordenanzas N° 25060, N° 34421 y N° 48455, los Decretos Ordenanza N° 19184/62 y N° 13.455/62, las Leyes N° 52, N° 139, N° 1264, N° 1897, N° 600, N° 757, N° 1264, N° 1867, N° 2059, N° 2198, N° 2247, N° 3320, N° 4361, N° 4827, N° 5641, N° 5671, N° 5707, N° 5920 N° 6101, deroga las Ordenanzas sin número sancionadas el 21/5/1907, el 28/4/1908, el 16/6/1914, el 30/12/1920, el 27/4/1923, el 27/4/1923, las Ordenanzas N° 4372, N° 12437, N° 27916, N° 31700, N° 32959, N° 33082, N° 33373, N° 39206, N° 43677, N° 43772, N° 44103, N° 46625, N° 48891, N° 49816, N° 51277 y las Leyes N° 246 y N° 1493",
2025,Urbanismo,Dirección General De Defensa Civil,Ley,6769,Ley N? 6769,Abordaje Socio-Urbano del Sector 4 de la Traza de la EX AU3,
2025,Urbanismo,Dirección General De Defensa Civil,Decreto,189,Decreto N? 189,Aprueba la reglamentación de la Ley 6.769,
